{
  "threshold": 2,
  "statistics": {
    "Purchased Goods & Services": {
      "mean": 9.086359090909093,
      "std": 7.505599392382498,
      "min": 1.032,
      "max": 31.08
    },
    "Electricity": {
      "mean": 4031.893000000001,
      "std": 5412.210865514353,
      "min": 20.552,
      "max": 16395.2
    },
    "Purchased Energy": {
      "mean": 2666.489772727272,
      "std": 2925.058704210433,
      "min": 0.4,
      "max": 14785.2
    },
    "Business Travel": {
      "mean": 9607.128441558441,
      "std": 14675.060754545719,
      "min": 1.5,
      "max": 62670.6
    },
    "Waste": {
      "mean": 48.74246184618183,
      "std": 179.4141347925934,
      "min": 0,
      "max": 883
    }
  },
  "trainedAt": "2025-09-29T13:30:37.407Z"
}