{
  "mean": 44550.205265259545,
  "std": 19636.643930751365
}